,Id,IndicatorCode,SpatialDimType,SpatialDim,TimeDimType,TimeDim,Dim1Type,Dim1,Dim2Type,Dim2,Dim3Type,Dim3,DataSourceDimType,DataSourceDim,Value,NumericValue,Low,High,Comments,Date,TimeDimensionValue,TimeDimensionBegin,TimeDimensionEnd
0,18017404,GDO_q35,COUNTRY,DZA,YEAR,2015,,,,,,,,,4.5,4.53159,0.04532,,,2018-02-27T14:38:14.827+01:00,2015,2015-01-01T00:00:00+01:00,2015-12-31T00:00:00+01:00
1,18017405,GDO_q35,COUNTRY,AGO,YEAR,2015,,,,,,,,,3.6,3.64503,0.03645,,,2018-02-27T14:38:14.86+01:00,2015,2015-01-01T00:00:00+01:00,2015-12-31T00:00:00+01:00
2,18017406,GDO_q35,COUNTRY,BEN,YEAR,2015,,,,,,,,,3.9,3.85398,0.03854,,,2018-02-27T14:38:14.91+01:00,2015,2015-01-01T00:00:00+01:00,2015-12-31T00:00:00+01:00
3,18017407,GDO_q35,COUNTRY,BWA,YEAR,2015,,,,,,,,,4.7,4.66097,0.04661,,,2018-02-27T14:38:14.94+01:00,2015,2015-01-01T00:00:00+01:00,2015-12-31T00:00:00+01:00
4,18017408,GDO_q35,COUNTRY,BFA,YEAR,2015,,,,,,,,,3.6,3.60906,0.03609,,,2018-02-27T14:38:14.963+01:00,2015,2015-01-01T00:00:00+01:00,2015-12-31T00:00:00+01:00
5,18017409,GDO_q35,COUNTRY,BDI,YEAR,2015,,,,,,,,,4.2,4.21757,0.04218,,,2018-02-27T14:38:14.99+01:00,2015,2015-01-01T00:00:00+01:00,2015-12-31T00:00:00+01:00
6,18017410,GDO_q35,COUNTRY,CMR,YEAR,2015,,,,,,,,,3.9,3.88461,0.03885,,,2018-02-27T14:38:15.017+01:00,2015,2015-01-01T00:00:00+01:00,2015-12-31T00:00:00+01:00
7,18017411,GDO_q35,COUNTRY,CPV,YEAR,2015,,,,,,,,,4.9,4.92824,0.04928,,,2018-02-27T14:38:15.043+01:00,2015,2015-01-01T00:00:00+01:00,2015-12-31T00:00:00+01:00
8,18017412,GDO_q35,COUNTRY,CAF,YEAR,2015,,,,,,,,,4.2,4.18762,0.04188,,,2018-02-27T14:38:15.08+01:00,2015,2015-01-01T00:00:00+01:00,2015-12-31T00:00:00+01:00
9,18017413,GDO_q35,COUNTRY,TCD,YEAR,2015,,,,,,,,,3.5,3.5025,0.03502,,,2018-02-27T14:38:15.107+01:00,2015,2015-01-01T00:00:00+01:00,2015-12-31T00:00:00+01:00
10,18017414,GDO_q35,COUNTRY,COM,YEAR,2015,,,,,,,,,4.4,4.3628,0.04363,,,2018-02-27T14:38:15.13+01:00,2015,2015-01-01T00:00:00+01:00,2015-12-31T00:00:00+01:00
11,18017415,GDO_q35,COUNTRY,COG,YEAR,2015,,,,,,,,,3.9,3.94981,0.0395,,,2018-02-27T14:38:15.16+01:00,2015,2015-01-01T00:00:00+01:00,2015-12-31T00:00:00+01:00
12,18017416,GDO_q35,COUNTRY,CIV,YEAR,2015,,,,,,,,,3.8,3.79018,0.0379,,,2018-02-27T14:38:15.183+01:00,2015,2015-01-01T00:00:00+01:00,2015-12-31T00:00:00+01:00
13,18017417,GDO_q35,COUNTRY,COD,YEAR,2015,,,,,,,,,3.8,3.76623,0.03766,,,2018-02-27T14:38:15.21+01:00,2015,2015-01-01T00:00:00+01:00,2015-12-31T00:00:00+01:00
14,18017418,GDO_q35,COUNTRY,GNQ,YEAR,2015,,,,,,,,,4.2,4.18462,0.04185,,,2018-02-27T14:38:15.263+01:00,2015,2015-01-01T00:00:00+01:00,2015-12-31T00:00:00+01:00
15,18017419,GDO_q35,COUNTRY,ERI,YEAR,2015,,,,,,,,,4.3,4.33094,0.04331,,,2018-02-27T14:38:15.3+01:00,2015,2015-01-01T00:00:00+01:00,2015-12-31T00:00:00+01:00
16,18017420,GDO_q35,COUNTRY,ETH,YEAR,2015,,,,,,,,,4.7,4.65843,0.04658,,,2018-02-27T14:38:15.33+01:00,2015,2015-01-01T00:00:00+01:00,2015-12-31T00:00:00+01:00
17,18017421,GDO_q35,COUNTRY,GAB,YEAR,2015,,,,,,,,,4.3,4.289,0.04289,,,2018-02-27T14:38:15.36+01:00,2015,2015-01-01T00:00:00+01:00,2015-12-31T00:00:00+01:00
18,18017422,GDO_q35,COUNTRY,GMB,YEAR,2015,,,,,,,,,3.9,3.90598,0.03906,,,2018-02-27T14:38:15.387+01:00,2015,2015-01-01T00:00:00+01:00,2015-12-31T00:00:00+01:00
19,18017423,GDO_q35,COUNTRY,GHA,YEAR,2015,,,,,,,,,4.2,4.15113,0.04151,,,2018-02-27T14:38:15.41+01:00,2015,2015-01-01T00:00:00+01:00,2015-12-31T00:00:00+01:00
20,18017424,GDO_q35,COUNTRY,GIN,YEAR,2015,,,,,,,,,3.9,3.85558,0.03856,,,2018-02-27T14:38:15.443+01:00,2015,2015-01-01T00:00:00+01:00,2015-12-31T00:00:00+01:00
21,18017425,GDO_q35,COUNTRY,GNB,YEAR,2015,,,,,,,,,4.0,4.01511,0.04015,,,2018-02-27T14:38:15.47+01:00,2015,2015-01-01T00:00:00+01:00,2015-12-31T00:00:00+01:00
22,18017426,GDO_q35,COUNTRY,KEN,YEAR,2015,,,,,,,,,4.4,4.39751,0.04398,,,2018-02-27T14:38:15.497+01:00,2015,2015-01-01T00:00:00+01:00,2015-12-31T00:00:00+01:00
23,18017427,GDO_q35,COUNTRY,LSO,YEAR,2015,,,,,,,,,4.8,4.77315,0.04773,,,2018-02-27T14:38:15.52+01:00,2015,2015-01-01T00:00:00+01:00,2015-12-31T00:00:00+01:00
24,18017428,GDO_q35,COUNTRY,LBR,YEAR,2015,,,,,,,,,3.5,3.49936,0.03499,,,2018-02-27T14:38:15.543+01:00,2015,2015-01-01T00:00:00+01:00,2015-12-31T00:00:00+01:00
25,18017429,GDO_q35,COUNTRY,MDG,YEAR,2015,,,,,,,,,4.4,4.37075,0.04371,,,2018-02-27T14:38:15.577+01:00,2015,2015-01-01T00:00:00+01:00,2015-12-31T00:00:00+01:00
26,18017430,GDO_q35,COUNTRY,MWI,YEAR,2015,,,,,,,,,4.1,4.10307,0.04103,,,2018-02-27T14:38:15.6+01:00,2015,2015-01-01T00:00:00+01:00,2015-12-31T00:00:00+01:00
27,18017431,GDO_q35,COUNTRY,MLI,YEAR,2015,,,,,,,,,3.6,3.56806,0.03568,,,2018-02-27T14:38:15.627+01:00,2015,2015-01-01T00:00:00+01:00,2015-12-31T00:00:00+01:00
28,18017432,GDO_q35,COUNTRY,MRT,YEAR,2015,,,,,,,,,4.1,4.08276,0.04083,,,2018-02-27T14:38:15.653+01:00,2015,2015-01-01T00:00:00+01:00,2015-12-31T00:00:00+01:00
29,18017433,GDO_q35,COUNTRY,MUS,YEAR,2015,,,,,,,,,4.4,4.35239,0.04352,,,2018-02-27T14:38:15.68+01:00,2015,2015-01-01T00:00:00+01:00,2015-12-31T00:00:00+01:00
30,18017434,GDO_q35,COUNTRY,MOZ,YEAR,2015,,,,,,,,,4.1,4.0952,0.04095,,,2018-02-27T14:38:15.7+01:00,2015,2015-01-01T00:00:00+01:00,2015-12-31T00:00:00+01:00
31,18017435,GDO_q35,COUNTRY,NAM,YEAR,2015,,,,,,,,,4.4,4.44486,0.04445,,,2018-02-27T14:38:15.727+01:00,2015,2015-01-01T00:00:00+01:00,2015-12-31T00:00:00+01:00
32,18017436,GDO_q35,COUNTRY,NER,YEAR,2015,,,,,,,,,3.4,3.41637,0.03416,,,2018-02-27T14:38:15.75+01:00,2015,2015-01-01T00:00:00+01:00,2015-12-31T00:00:00+01:00
33,18017437,GDO_q35,COUNTRY,NGA,YEAR,2015,,,,,,,,,3.9,3.92851,0.03929,,,2018-02-27T14:38:15.773+01:00,2015,2015-01-01T00:00:00+01:00,2015-12-31T00:00:00+01:00
34,18017438,GDO_q35,COUNTRY,RWA,YEAR,2015,,,,,,,,,3.8,3.78357,0.03784,,,2018-02-27T14:38:15.797+01:00,2015,2015-01-01T00:00:00+01:00,2015-12-31T00:00:00+01:00
35,18017439,GDO_q35,COUNTRY,STP,YEAR,2015,,,,,,,,,3.9,3.89881,0.03899,,,2018-02-27T14:38:15.817+01:00,2015,2015-01-01T00:00:00+01:00,2015-12-31T00:00:00+01:00
36,18017440,GDO_q35,COUNTRY,SEN,YEAR,2015,,,,,,,,,3.9,3.86937,0.03869,,,2018-02-27T14:38:15.84+01:00,2015,2015-01-01T00:00:00+01:00,2015-12-31T00:00:00+01:00
37,18017441,GDO_q35,COUNTRY,SYC,YEAR,2015,,,,,,,,,4.0,3.96046,0.0396,,,2018-02-27T14:38:15.863+01:00,2015,2015-01-01T00:00:00+01:00,2015-12-31T00:00:00+01:00
38,18017442,GDO_q35,COUNTRY,SLE,YEAR,2015,,,,,,,,,3.9,3.88445,0.03884,,,2018-02-27T14:38:15.89+01:00,2015,2015-01-01T00:00:00+01:00,2015-12-31T00:00:00+01:00
39,18017443,GDO_q35,COUNTRY,ZAF,YEAR,2015,,,,,,,,,4.6,4.57973,0.0458,,,2018-02-27T14:38:15.91+01:00,2015,2015-01-01T00:00:00+01:00,2015-12-31T00:00:00+01:00
40,18017444,GDO_q35,COUNTRY,SSD,YEAR,2015,,,,,,,,,4.4,4.41739,0.04417,,,2018-02-27T14:38:15.933+01:00,2015,2015-01-01T00:00:00+01:00,2015-12-31T00:00:00+01:00
41,18017445,GDO_q35,COUNTRY,SWZ,YEAR,2015,,,,,,,,,4.2,4.19445,0.04194,,,2018-02-27T14:38:15.953+01:00,2015,2015-01-01T00:00:00+01:00,2015-12-31T00:00:00+01:00
42,18017446,GDO_q35,COUNTRY,TGO,YEAR,2015,,,,,,,,,3.9,3.92564,0.03926,,,2018-02-27T14:38:15.98+01:00,2015,2015-01-01T00:00:00+01:00,2015-12-31T00:00:00+01:00
43,18017447,GDO_q35,COUNTRY,UGA,YEAR,2015,,,,,,,,,4.6,4.64166,0.04642,,,2018-02-27T14:38:16.003+01:00,2015,2015-01-01T00:00:00+01:00,2015-12-31T00:00:00+01:00
44,18017448,GDO_q35,COUNTRY,TZA,YEAR,2015,,,,,,,,,4.1,4.14388,0.04144,,,2018-02-27T14:38:16.027+01:00,2015,2015-01-01T00:00:00+01:00,2015-12-31T00:00:00+01:00
45,18017449,GDO_q35,COUNTRY,ZMB,YEAR,2015,,,,,,,,,4.0,4.01352,0.04014,,,2018-02-27T14:38:16.053+01:00,2015,2015-01-01T00:00:00+01:00,2015-12-31T00:00:00+01:00
46,18017450,GDO_q35,COUNTRY,ZWE,YEAR,2015,,,,,,,,,4.0,4.03884,0.04039,,,2018-02-27T14:38:16.077+01:00,2015,2015-01-01T00:00:00+01:00,2015-12-31T00:00:00+01:00
47,18017451,GDO_q35,COUNTRY,ATG,YEAR,2015,,,,,,,,,5.1,5.05867,0.05059,,,2018-02-27T14:38:16.1+01:00,2015,2015-01-01T00:00:00+01:00,2015-12-31T00:00:00+01:00
48,18017452,GDO_q35,COUNTRY,ARG,YEAR,2015,,,,,,,,,4.7,4.73135,0.04731,,,2018-02-27T14:38:16.127+01:00,2015,2015-01-01T00:00:00+01:00,2015-12-31T00:00:00+01:00
49,18017453,GDO_q35,COUNTRY,BHS,YEAR,2015,,,,,,,,,5.2,5.1832,0.05183,,,2018-02-27T14:38:16.153+01:00,2015,2015-01-01T00:00:00+01:00,2015-12-31T00:00:00+01:00
50,18017454,GDO_q35,COUNTRY,BRB,YEAR,2015,,,,,,,,,5.4,5.35136,0.05351,,,2018-02-27T14:38:16.19+01:00,2015,2015-01-01T00:00:00+01:00,2015-12-31T00:00:00+01:00
51,18017455,GDO_q35,COUNTRY,BLZ,YEAR,2015,,,,,,,,,4.4,4.40284,0.04403,,,2018-02-27T14:38:16.217+01:00,2015,2015-01-01T00:00:00+01:00,2015-12-31T00:00:00+01:00
52,18017456,GDO_q35,COUNTRY,BOL,YEAR,2015,,,,,,,,,4.4,4.36209,0.04362,,,2018-02-27T14:38:16.243+01:00,2015,2015-01-01T00:00:00+01:00,2015-12-31T00:00:00+01:00
53,18017457,GDO_q35,COUNTRY,BRA,YEAR,2015,,,,,,,,,5.8,5.75637,0.05756,,,2018-02-27T14:38:16.27+01:00,2015,2015-01-01T00:00:00+01:00,2015-12-31T00:00:00+01:00
54,18017458,GDO_q35,COUNTRY,CAN,YEAR,2015,,,,,,,,,4.7,4.65483,0.04655,,,2018-02-27T14:38:16.293+01:00,2015,2015-01-01T00:00:00+01:00,2015-12-31T00:00:00+01:00
55,18017459,GDO_q35,COUNTRY,CHL,YEAR,2015,,,,,,,,,5.0,5.00655,0.05007,,,2018-02-27T14:38:16.313+01:00,2015,2015-01-01T00:00:00+01:00,2015-12-31T00:00:00+01:00
56,18017460,GDO_q35,COUNTRY,COL,YEAR,2015,,,,,,,,,4.7,4.67554,0.04676,,,2018-02-27T14:38:16.337+01:00,2015,2015-01-01T00:00:00+01:00,2015-12-31T00:00:00+01:00
57,18017461,GDO_q35,COUNTRY,CRI,YEAR,2015,,,,,,,,,4.7,4.69745,0.04697,,,2018-02-27T14:38:16.357+01:00,2015,2015-01-01T00:00:00+01:00,2015-12-31T00:00:00+01:00
58,18017462,GDO_q35,COUNTRY,CUB,YEAR,2015,,,,,,,,,5.5,5.49024,0.0549,,,2018-02-27T14:38:16.38+01:00,2015,2015-01-01T00:00:00+01:00,2015-12-31T00:00:00+01:00
59,18017463,GDO_q35,COUNTRY,DOM,YEAR,2015,,,,,,,,,4.7,4.66497,0.04665,,,2018-02-27T14:38:16.407+01:00,2015,2015-01-01T00:00:00+01:00,2015-12-31T00:00:00+01:00
60,18017464,GDO_q35,COUNTRY,ECU,YEAR,2015,,,,,,,,,4.6,4.58762,0.04588,,,2018-02-27T14:38:16.427+01:00,2015,2015-01-01T00:00:00+01:00,2015-12-31T00:00:00+01:00
61,18017465,GDO_q35,COUNTRY,SLV,YEAR,2015,,,,,,,,,4.4,4.39914,0.04399,,,2018-02-27T14:38:16.453+01:00,2015,2015-01-01T00:00:00+01:00,2015-12-31T00:00:00+01:00
62,18017466,GDO_q35,COUNTRY,GRD,YEAR,2015,,,,,,,,,4.7,4.70431,0.04704,,,2018-02-27T14:38:16.483+01:00,2015,2015-01-01T00:00:00+01:00,2015-12-31T00:00:00+01:00
63,18017467,GDO_q35,COUNTRY,GTM,YEAR,2015,,,,,,,,,3.7,3.71346,0.03713,,,2018-02-27T14:38:16.51+01:00,2015,2015-01-01T00:00:00+01:00,2015-12-31T00:00:00+01:00
64,18017468,GDO_q35,COUNTRY,GUY,YEAR,2015,,,,,,,,,4.5,4.54976,0.0455,,,2018-02-27T14:38:16.54+01:00,2015,2015-01-01T00:00:00+01:00,2015-12-31T00:00:00+01:00
65,18017469,GDO_q35,COUNTRY,HTI,YEAR,2015,,,,,,,,,4.3,4.27832,0.04278,,,2018-02-27T14:38:16.57+01:00,2015,2015-01-01T00:00:00+01:00,2015-12-31T00:00:00+01:00
66,18017470,GDO_q35,COUNTRY,HND,YEAR,2015,,,,,,,,,4.0,3.98353,0.03984,,,2018-02-27T14:38:16.593+01:00,2015,2015-01-01T00:00:00+01:00,2015-12-31T00:00:00+01:00
67,18017471,GDO_q35,COUNTRY,JAM,YEAR,2015,,,,,,,,,4.8,4.81777,0.04818,,,2018-02-27T14:38:16.62+01:00,2015,2015-01-01T00:00:00+01:00,2015-12-31T00:00:00+01:00
68,18017472,GDO_q35,COUNTRY,MEX,YEAR,2015,,,,,,,,,4.2,4.15739,0.04157,,,2018-02-27T14:38:16.647+01:00,2015,2015-01-01T00:00:00+01:00,2015-12-31T00:00:00+01:00
69,18017473,GDO_q35,COUNTRY,NIC,YEAR,2015,,,,,,,,,4.2,4.18219,0.04182,,,2018-02-27T14:38:16.67+01:00,2015,2015-01-01T00:00:00+01:00,2015-12-31T00:00:00+01:00
70,18017474,GDO_q35,COUNTRY,PAN,YEAR,2015,,,,,,,,,4.4,4.36313,0.04363,,,2018-02-27T14:38:16.7+01:00,2015,2015-01-01T00:00:00+01:00,2015-12-31T00:00:00+01:00
71,18017475,GDO_q35,COUNTRY,PRY,YEAR,2015,,,,,,,,,5.2,5.23426,0.05234,,,2018-02-27T14:38:16.733+01:00,2015,2015-01-01T00:00:00+01:00,2015-12-31T00:00:00+01:00
72,18017476,GDO_q35,COUNTRY,PER,YEAR,2015,,,,,,,,,4.8,4.7578,0.04758,,,2018-02-27T14:38:16.767+01:00,2015,2015-01-01T00:00:00+01:00,2015-12-31T00:00:00+01:00
73,18017477,GDO_q35,COUNTRY,LCA,YEAR,2015,,,,,,,,,4.9,4.94737,0.04947,,,2018-02-27T14:38:16.793+01:00,2015,2015-01-01T00:00:00+01:00,2015-12-31T00:00:00+01:00
74,18017478,GDO_q35,COUNTRY,VCT,YEAR,2015,,,,,,,,,4.9,4.85873,0.04859,,,2018-02-27T14:38:16.83+01:00,2015,2015-01-01T00:00:00+01:00,2015-12-31T00:00:00+01:00
75,18017479,GDO_q35,COUNTRY,SUR,YEAR,2015,,,,,,,,,4.8,4.8084,0.04808,,,2018-02-27T14:38:16.863+01:00,2015,2015-01-01T00:00:00+01:00,2015-12-31T00:00:00+01:00
76,18017480,GDO_q35,COUNTRY,TTO,YEAR,2015,,,,,,,,,5.2,5.17747,0.05177,,,2018-02-27T14:38:16.93+01:00,2015,2015-01-01T00:00:00+01:00,2015-12-31T00:00:00+01:00
77,18017481,GDO_q35,COUNTRY,USA,YEAR,2015,,,,,,,,,5.9,5.85717,0.05857,,,2018-02-27T14:38:16.957+01:00,2015,2015-01-01T00:00:00+01:00,2015-12-31T00:00:00+01:00
78,18017482,GDO_q35,COUNTRY,URY,YEAR,2015,,,,,,,,,5.0,4.96401,0.04964,,,2018-02-27T14:38:16.983+01:00,2015,2015-01-01T00:00:00+01:00,2015-12-31T00:00:00+01:00
79,18017483,GDO_q35,COUNTRY,VEN,YEAR,2015,,,,,,,,,4.2,4.21011,0.0421,,,2018-02-27T14:38:17.007+01:00,2015,2015-01-01T00:00:00+01:00,2015-12-31T00:00:00+01:00
80,18017484,GDO_q35,COUNTRY,AFG,YEAR,2015,,,,,,,,,3.3,3.31159,0.03312,,,2018-02-27T14:38:17.033+01:00,2015,2015-01-01T00:00:00+01:00,2015-12-31T00:00:00+01:00
81,18017485,GDO_q35,COUNTRY,BHR,YEAR,2015,,,,,,,,,4.8,4.75979,0.0476,,,2018-02-27T14:38:17.063+01:00,2015,2015-01-01T00:00:00+01:00,2015-12-31T00:00:00+01:00
82,18017486,GDO_q35,COUNTRY,DJI,YEAR,2015,,,,,,,,,5.1,5.07172,0.05072,,,2018-02-27T14:38:17.093+01:00,2015,2015-01-01T00:00:00+01:00,2015-12-31T00:00:00+01:00
83,18017487,GDO_q35,COUNTRY,EGY,YEAR,2015,,,,,,,,,3.5,3.46338,0.03463,,,2018-02-27T14:38:17.14+01:00,2015,2015-01-01T00:00:00+01:00,2015-12-31T00:00:00+01:00
84,18017488,GDO_q35,COUNTRY,IRN,YEAR,2015,,,,,,,,,4.9,4.85675,0.04857,,,2018-02-27T14:38:17.173+01:00,2015,2015-01-01T00:00:00+01:00,2015-12-31T00:00:00+01:00
85,18017489,GDO_q35,COUNTRY,IRQ,YEAR,2015,,,,,,,,,3.7,3.72536,0.03725,,,2018-02-27T14:38:17.203+01:00,2015,2015-01-01T00:00:00+01:00,2015-12-31T00:00:00+01:00
86,18017490,GDO_q35,COUNTRY,JOR,YEAR,2015,,,,,,,,,4.0,4.02768,0.04028,,,2018-02-27T14:38:17.233+01:00,2015,2015-01-01T00:00:00+01:00,2015-12-31T00:00:00+01:00
87,18017491,GDO_q35,COUNTRY,KWT,YEAR,2015,,,,,,,,,5.0,5.0005,0.05001,,,2018-02-27T14:38:17.26+01:00,2015,2015-01-01T00:00:00+01:00,2015-12-31T00:00:00+01:00
88,18017492,GDO_q35,COUNTRY,LBN,YEAR,2015,,,,,,,,,4.7,4.67358,0.04674,,,2018-02-27T14:38:17.29+01:00,2015,2015-01-01T00:00:00+01:00,2015-12-31T00:00:00+01:00
89,18017493,GDO_q35,COUNTRY,LBY,YEAR,2015,,,,,,,,,4.5,4.50522,0.04505,,,2018-02-27T14:38:17.32+01:00,2015,2015-01-01T00:00:00+01:00,2015-12-31T00:00:00+01:00
90,18017494,GDO_q35,COUNTRY,MAR,YEAR,2015,,,,,,,,,4.5,4.52795,0.04528,,,2018-02-27T14:38:17.343+01:00,2015,2015-01-01T00:00:00+01:00,2015-12-31T00:00:00+01:00
91,18017495,GDO_q35,COUNTRY,OMN,YEAR,2015,,,,,,,,,4.7,4.65574,0.04656,,,2018-02-27T14:38:17.37+01:00,2015,2015-01-01T00:00:00+01:00,2015-12-31T00:00:00+01:00
92,18017496,GDO_q35,COUNTRY,PAK,YEAR,2015,,,,,,,,,4.2,4.19295,0.04193,,,2018-02-27T14:38:17.393+01:00,2015,2015-01-01T00:00:00+01:00,2015-12-31T00:00:00+01:00
93,18017497,GDO_q35,COUNTRY,QAT,YEAR,2015,,,,,,,,,5.1,5.06574,0.05066,,,2018-02-27T14:38:17.42+01:00,2015,2015-01-01T00:00:00+01:00,2015-12-31T00:00:00+01:00
94,18017498,GDO_q35,COUNTRY,SAU,YEAR,2015,,,,,,,,,4.5,4.51654,0.04517,,,2018-02-27T14:38:17.447+01:00,2015,2015-01-01T00:00:00+01:00,2015-12-31T00:00:00+01:00
95,18017499,GDO_q35,COUNTRY,SOM,YEAR,2015,,,,,,,,,4.0,3.96365,0.03964,,,2018-02-27T14:38:17.48+01:00,2015,2015-01-01T00:00:00+01:00,2015-12-31T00:00:00+01:00
96,18017500,GDO_q35,COUNTRY,SDN,YEAR,2015,,,,,,,,,3.6,3.55097,0.03551,,,2018-02-27T14:38:17.51+01:00,2015,2015-01-01T00:00:00+01:00,2015-12-31T00:00:00+01:00
97,18017501,GDO_q35,COUNTRY,SYR,YEAR,2015,,,,,,,,,3.9,3.94594,0.03946,,,2018-02-27T14:38:17.54+01:00,2015,2015-01-01T00:00:00+01:00,2015-12-31T00:00:00+01:00
98,18017502,GDO_q35,COUNTRY,TUN,YEAR,2015,,,,,,,,,4.9,4.85391,0.04854,,,2018-02-27T14:38:17.563+01:00,2015,2015-01-01T00:00:00+01:00,2015-12-31T00:00:00+01:00
99,18017503,GDO_q35,COUNTRY,ARE,YEAR,2015,,,,,,,,,5.1,5.11804,0.05118,,,2018-02-27T14:38:17.593+01:00,2015,2015-01-01T00:00:00+01:00,2015-12-31T00:00:00+01:00
100,18017504,GDO_q35,COUNTRY,YEM,YEAR,2015,,,,,,,,,3.6,3.5746,0.03575,,,2018-02-27T14:38:17.62+01:00,2015,2015-01-01T00:00:00+01:00,2015-12-31T00:00:00+01:00
101,18017505,GDO_q35,COUNTRY,ALB,YEAR,2015,,,,,,,,,4.8,4.77728,0.04777,,,2018-02-27T14:38:17.643+01:00,2015,2015-01-01T00:00:00+01:00,2015-12-31T00:00:00+01:00
102,18017506,GDO_q35,COUNTRY,ARM,YEAR,2015,,,,,,,,,5.0,4.98918,0.04989,,,2018-02-27T14:38:17.67+01:00,2015,2015-01-01T00:00:00+01:00,2015-12-31T00:00:00+01:00
103,18017507,GDO_q35,COUNTRY,AUT,YEAR,2015,,,,,,,,,5.1,5.07762,0.05078,,,2018-02-27T14:38:17.7+01:00,2015,2015-01-01T00:00:00+01:00,2015-12-31T00:00:00+01:00
104,18017508,GDO_q35,COUNTRY,AZE,YEAR,2015,,,,,,,,,4.6,4.63536,0.04635,,,2018-02-27T14:38:17.727+01:00,2015,2015-01-01T00:00:00+01:00,2015-12-31T00:00:00+01:00
105,18017509,GDO_q35,COUNTRY,BLR,YEAR,2015,,,,,,,,,5.6,5.57264,0.05573,,,2018-02-27T14:38:17.75+01:00,2015,2015-01-01T00:00:00+01:00,2015-12-31T00:00:00+01:00
106,18017510,GDO_q35,COUNTRY,BEL,YEAR,2015,,,,,,,,,4.8,4.81365,0.04814,,,2018-02-27T14:38:17.777+01:00,2015,2015-01-01T00:00:00+01:00,2015-12-31T00:00:00+01:00
107,18017511,GDO_q35,COUNTRY,BIH,YEAR,2015,,,,,,,,,5.1,5.06955,0.0507,,,2018-02-27T14:38:17.803+01:00,2015,2015-01-01T00:00:00+01:00,2015-12-31T00:00:00+01:00
108,18017512,GDO_q35,COUNTRY,BGR,YEAR,2015,,,,,,,,,5.2,5.1567,0.05157,,,2018-02-27T14:38:17.833+01:00,2015,2015-01-01T00:00:00+01:00,2015-12-31T00:00:00+01:00
109,18017513,GDO_q35,COUNTRY,HRV,YEAR,2015,,,,,,,,,5.1,5.07759,0.05078,,,2018-02-27T14:38:17.87+01:00,2015,2015-01-01T00:00:00+01:00,2015-12-31T00:00:00+01:00
110,18017514,GDO_q35,COUNTRY,CYP,YEAR,2015,,,,,,,,,5.1,5.06006,0.0506,,,2018-02-27T14:38:17.903+01:00,2015,2015-01-01T00:00:00+01:00,2015-12-31T00:00:00+01:00
111,18017515,GDO_q35,COUNTRY,CZE,YEAR,2015,,,,,,,,,5.2,5.16328,0.05163,,,2018-02-27T14:38:17.93+01:00,2015,2015-01-01T00:00:00+01:00,2015-12-31T00:00:00+01:00
112,18017516,GDO_q35,COUNTRY,DNK,YEAR,2015,,,,,,,,,5.0,4.97833,0.04978,,,2018-02-27T14:38:17.96+01:00,2015,2015-01-01T00:00:00+01:00,2015-12-31T00:00:00+01:00
113,18017517,GDO_q35,COUNTRY,EST,YEAR,2015,,,,,,,,,5.9,5.90777,0.05908,,,2018-02-27T14:38:17.98+01:00,2015,2015-01-01T00:00:00+01:00,2015-12-31T00:00:00+01:00
114,18017518,GDO_q35,COUNTRY,FIN,YEAR,2015,,,,,,,,,5.6,5.61099,0.05611,,,2018-02-27T14:38:18.007+01:00,2015,2015-01-01T00:00:00+01:00,2015-12-31T00:00:00+01:00
115,18017519,GDO_q35,COUNTRY,FRA,YEAR,2015,,,,,,,,,4.8,4.84031,0.0484,,,2018-02-27T14:38:18.033+01:00,2015,2015-01-01T00:00:00+01:00,2015-12-31T00:00:00+01:00
116,18017520,GDO_q35,COUNTRY,GEO,YEAR,2015,,,,,,,,,5.0,4.96391,0.04964,,,2018-02-27T14:38:18.057+01:00,2015,2015-01-01T00:00:00+01:00,2015-12-31T00:00:00+01:00
117,18017521,GDO_q35,COUNTRY,DEU,YEAR,2015,,,,,,,,,5.2,5.19315,0.05193,,,2018-02-27T14:38:18.08+01:00,2015,2015-01-01T00:00:00+01:00,2015-12-31T00:00:00+01:00
118,18017522,GDO_q35,COUNTRY,GRC,YEAR,2015,,,,,,,,,5.7,5.74446,0.05744,,,2018-02-27T14:38:18.103+01:00,2015,2015-01-01T00:00:00+01:00,2015-12-31T00:00:00+01:00
119,18017523,GDO_q35,COUNTRY,HUN,YEAR,2015,,,,,,,,,5.1,5.09956,0.051,,,2018-02-27T14:38:18.123+01:00,2015,2015-01-01T00:00:00+01:00,2015-12-31T00:00:00+01:00
120,18017524,GDO_q35,COUNTRY,ISL,YEAR,2015,,,,,,,,,4.1,4.09296,0.04093,,,2018-02-27T14:38:18.147+01:00,2015,2015-01-01T00:00:00+01:00,2015-12-31T00:00:00+01:00
121,18017525,GDO_q35,COUNTRY,IRL,YEAR,2015,,,,,,,,,4.8,4.76496,0.04765,,,2018-02-27T14:38:18.173+01:00,2015,2015-01-01T00:00:00+01:00,2015-12-31T00:00:00+01:00
122,18017526,GDO_q35,COUNTRY,ISR,YEAR,2015,,,,,,,,,4.6,4.61045,0.0461,,,2018-02-27T14:38:18.2+01:00,2015,2015-01-01T00:00:00+01:00,2015-12-31T00:00:00+01:00
123,18017527,GDO_q35,COUNTRY,ITA,YEAR,2015,,,,,,,,,5.1,5.14039,0.0514,,,2018-02-27T14:38:18.223+01:00,2015,2015-01-01T00:00:00+01:00,2015-12-31T00:00:00+01:00
124,18017528,GDO_q35,COUNTRY,KAZ,YEAR,2015,,,,,,,,,4.4,4.35178,0.04352,,,2018-02-27T14:38:18.25+01:00,2015,2015-01-01T00:00:00+01:00,2015-12-31T00:00:00+01:00
125,18017529,GDO_q35,COUNTRY,KGZ,YEAR,2015,,,,,,,,,4.1,4.0983,0.04098,,,2018-02-27T14:38:18.27+01:00,2015,2015-01-01T00:00:00+01:00,2015-12-31T00:00:00+01:00
126,18017530,GDO_q35,COUNTRY,LVA,YEAR,2015,,,,,,,,,4.9,4.86044,0.0486,,,2018-02-27T14:38:18.293+01:00,2015,2015-01-01T00:00:00+01:00,2015-12-31T00:00:00+01:00
127,18017531,GDO_q35,COUNTRY,LTU,YEAR,2015,,,,,,,,,5.6,5.61956,0.0562,,,2018-02-27T14:38:18.317+01:00,2015,2015-01-01T00:00:00+01:00,2015-12-31T00:00:00+01:00
128,18017532,GDO_q35,COUNTRY,LUX,YEAR,2015,,,,,,,,,5.0,5.03728,0.05037,,,2018-02-27T14:38:18.34+01:00,2015,2015-01-01T00:00:00+01:00,2015-12-31T00:00:00+01:00
129,18017533,GDO_q35,COUNTRY,MLT,YEAR,2015,,,,,,,,,5.1,5.07386,0.05074,,,2018-02-27T14:38:18.363+01:00,2015,2015-01-01T00:00:00+01:00,2015-12-31T00:00:00+01:00
130,18017534,GDO_q35,COUNTRY,MNE,YEAR,2015,,,,,,,,,4.8,4.83733,0.04837,,,2018-02-27T14:38:18.383+01:00,2015,2015-01-01T00:00:00+01:00,2015-12-31T00:00:00+01:00
131,18017535,GDO_q35,COUNTRY,NLD,YEAR,2015,,,,,,,,,4.7,4.69105,0.04691,,,2018-02-27T14:38:18.403+01:00,2015,2015-01-01T00:00:00+01:00,2015-12-31T00:00:00+01:00
132,18017536,GDO_q35,COUNTRY,NOR,YEAR,2015,,,,,,,,,4.7,4.74508,0.04745,,,2018-02-27T14:38:18.427+01:00,2015,2015-01-01T00:00:00+01:00,2015-12-31T00:00:00+01:00
133,18017537,GDO_q35,COUNTRY,POL,YEAR,2015,,,,,,,,,5.1,5.06864,0.05069,,,2018-02-27T14:38:18.453+01:00,2015,2015-01-01T00:00:00+01:00,2015-12-31T00:00:00+01:00
134,18017538,GDO_q35,COUNTRY,PRT,YEAR,2015,,,,,,,,,5.7,5.66945,0.05669,,,2018-02-27T14:38:18.48+01:00,2015,2015-01-01T00:00:00+01:00,2015-12-31T00:00:00+01:00
135,18017539,GDO_q35,COUNTRY,MDA,YEAR,2015,,,,,,,,,5.4,5.36771,0.05368,,,2018-02-27T14:38:18.507+01:00,2015,2015-01-01T00:00:00+01:00,2015-12-31T00:00:00+01:00
136,18017540,GDO_q35,COUNTRY,ROU,YEAR,2015,,,,,,,,,5.0,4.98819,0.04988,,,2018-02-27T14:38:18.53+01:00,2015,2015-01-01T00:00:00+01:00,2015-12-31T00:00:00+01:00
137,18017541,GDO_q35,COUNTRY,RUS,YEAR,2015,,,,,,,,,5.5,5.50914,0.05509,,,2018-02-27T14:38:18.55+01:00,2015,2015-01-01T00:00:00+01:00,2015-12-31T00:00:00+01:00
138,18017542,GDO_q35,COUNTRY,SRB,YEAR,2015,,,,,,,,,5.0,4.97538,0.04975,,,2018-02-27T14:38:18.577+01:00,2015,2015-01-01T00:00:00+01:00,2015-12-31T00:00:00+01:00
139,18017543,GDO_q35,COUNTRY,SVK,YEAR,2015,,,,,,,,,5.1,5.08732,0.05087,,,2018-02-27T14:38:18.597+01:00,2015,2015-01-01T00:00:00+01:00,2015-12-31T00:00:00+01:00
140,18017544,GDO_q35,COUNTRY,SVN,YEAR,2015,,,,,,,,,5.1,5.09482,0.05095,,,2018-02-27T14:38:18.62+01:00,2015,2015-01-01T00:00:00+01:00,2015-12-31T00:00:00+01:00
141,18017545,GDO_q35,COUNTRY,ESP,YEAR,2015,,,,,,,,,5.2,5.21308,0.05213,,,2018-02-27T14:38:18.647+01:00,2015,2015-01-01T00:00:00+01:00,2015-12-31T00:00:00+01:00
142,18017546,GDO_q35,COUNTRY,SWE,YEAR,2015,,,,,,,,,4.9,4.88186,0.04882,,,2018-02-27T14:38:18.673+01:00,2015,2015-01-01T00:00:00+01:00,2015-12-31T00:00:00+01:00
143,18017547,GDO_q35,COUNTRY,CHE,YEAR,2015,,,,,,,,,5.0,4.99544,0.04995,,,2018-02-27T14:38:18.693+01:00,2015,2015-01-01T00:00:00+01:00,2015-12-31T00:00:00+01:00
144,18017548,GDO_q35,COUNTRY,TJK,YEAR,2015,,,,,,,,,3.8,3.80723,0.03807,,,2018-02-27T14:38:18.72+01:00,2015,2015-01-01T00:00:00+01:00,2015-12-31T00:00:00+01:00
145,18017549,GDO_q35,COUNTRY,MKD,YEAR,2015,,,,,,,,,5.0,4.95301,0.04953,,,2018-02-27T14:38:18.743+01:00,2015,2015-01-01T00:00:00+01:00,2015-12-31T00:00:00+01:00
146,18017550,GDO_q35,COUNTRY,TUR,YEAR,2015,,,,,,,,,4.4,4.38664,0.04387,,,2018-02-27T14:38:18.77+01:00,2015,2015-01-01T00:00:00+01:00,2015-12-31T00:00:00+01:00
147,18017551,GDO_q35,COUNTRY,TKM,YEAR,2015,,,,,,,,,4.2,4.2337,0.04234,,,2018-02-27T14:38:18.8+01:00,2015,2015-01-01T00:00:00+01:00,2015-12-31T00:00:00+01:00
148,18017552,GDO_q35,COUNTRY,UKR,YEAR,2015,,,,,,,,,6.3,6.31443,0.06314,,,2018-02-27T14:38:18.82+01:00,2015,2015-01-01T00:00:00+01:00,2015-12-31T00:00:00+01:00
149,18017553,GDO_q35,COUNTRY,GBR,YEAR,2015,,,,,,,,,4.5,4.45546,0.04455,,,2018-02-27T14:38:18.84+01:00,2015,2015-01-01T00:00:00+01:00,2015-12-31T00:00:00+01:00
150,18017554,GDO_q35,COUNTRY,UZB,YEAR,2015,,,,,,,,,4.2,4.23486,0.04235,,,2018-02-27T14:38:18.867+01:00,2015,2015-01-01T00:00:00+01:00,2015-12-31T00:00:00+01:00
151,18017555,GDO_q35,COUNTRY,BGD,YEAR,2015,,,,,,,,,4.1,4.07197,0.04072,,,2018-02-27T14:38:18.89+01:00,2015,2015-01-01T00:00:00+01:00,2015-12-31T00:00:00+01:00
152,18017556,GDO_q35,COUNTRY,BTN,YEAR,2015,,,,,,,,,4.2,4.15376,0.04154,,,2018-02-27T14:38:18.91+01:00,2015,2015-01-01T00:00:00+01:00,2015-12-31T00:00:00+01:00
153,18017557,GDO_q35,COUNTRY,PRK,YEAR,2015,,,,,,,,,3.7,3.69434,0.03694,,,2018-02-27T14:38:18.93+01:00,2015,2015-01-01T00:00:00+01:00,2015-12-31T00:00:00+01:00
154,18017558,GDO_q35,COUNTRY,IND,YEAR,2015,,,,,,,,,4.5,4.4544,0.04454,,,2018-02-27T14:38:18.953+01:00,2015,2015-01-01T00:00:00+01:00,2015-12-31T00:00:00+01:00
155,18017559,GDO_q35,COUNTRY,IDN,YEAR,2015,,,,,,,,,3.7,3.70884,0.03709,,,2018-02-27T14:38:18.98+01:00,2015,2015-01-01T00:00:00+01:00,2015-12-31T00:00:00+01:00
156,18017560,GDO_q35,COUNTRY,MDV,YEAR,2015,,,,,,,,,3.7,3.68522,0.03685,,,2018-02-27T14:38:19.01+01:00,2015,2015-01-01T00:00:00+01:00,2015-12-31T00:00:00+01:00
157,18017561,GDO_q35,COUNTRY,MMR,YEAR,2015,,,,,,,,,3.7,3.68631,0.03686,,,2018-02-27T14:38:19.033+01:00,2015,2015-01-01T00:00:00+01:00,2015-12-31T00:00:00+01:00
158,18017562,GDO_q35,COUNTRY,NPL,YEAR,2015,,,,,,,,,3.2,3.23315,0.03233,,,2018-02-27T14:38:19.06+01:00,2015,2015-01-01T00:00:00+01:00,2015-12-31T00:00:00+01:00
159,18017563,GDO_q35,COUNTRY,LKA,YEAR,2015,,,,,,,,,4.1,4.05868,0.04059,,,2018-02-27T14:38:19.083+01:00,2015,2015-01-01T00:00:00+01:00,2015-12-31T00:00:00+01:00
160,18017564,GDO_q35,COUNTRY,THA,YEAR,2015,,,,,,,,,4.4,4.39177,0.04392,,,2018-02-27T14:38:19.11+01:00,2015,2015-01-01T00:00:00+01:00,2015-12-31T00:00:00+01:00
161,18017565,GDO_q35,COUNTRY,TLS,YEAR,2015,,,,,,,,,3.0,2.98918,0.02989,,,2018-02-27T14:38:19.133+01:00,2015,2015-01-01T00:00:00+01:00,2015-12-31T00:00:00+01:00
162,18017566,GDO_q35,COUNTRY,AUS,YEAR,2015,,,,,,,,,5.9,5.94026,0.0594,,,2018-02-27T14:38:19.157+01:00,2015,2015-01-01T00:00:00+01:00,2015-12-31T00:00:00+01:00
163,18017567,GDO_q35,COUNTRY,BRN,YEAR,2015,,,,,,,,,4.0,4.03097,0.04031,,,2018-02-27T14:38:19.183+01:00,2015,2015-01-01T00:00:00+01:00,2015-12-31T00:00:00+01:00
164,18017568,GDO_q35,COUNTRY,KHM,YEAR,2015,,,,,,,,,3.4,3.39658,0.03397,,,2018-02-27T14:38:19.207+01:00,2015,2015-01-01T00:00:00+01:00,2015-12-31T00:00:00+01:00
165,18017569,GDO_q35,COUNTRY,CHN,YEAR,2015,,,,,,,,,4.2,4.17218,0.04172,,,2018-02-27T14:38:19.233+01:00,2015,2015-01-01T00:00:00+01:00,2015-12-31T00:00:00+01:00
166,18017570,GDO_q35,COUNTRY,FJI,YEAR,2015,,,,,,,,,3.5,3.49839,0.03498,,,2018-02-27T14:38:19.26+01:00,2015,2015-01-01T00:00:00+01:00,2015-12-31T00:00:00+01:00
167,18017571,GDO_q35,COUNTRY,JPN,YEAR,2015,,,,,,,,,4.2,4.24113,0.04241,,,2018-02-27T14:38:19.283+01:00,2015,2015-01-01T00:00:00+01:00,2015-12-31T00:00:00+01:00
168,18017572,GDO_q35,COUNTRY,KIR,YEAR,2015,,,,,,,,,3.1,3.1418,0.03142,,,2018-02-27T14:38:19.31+01:00,2015,2015-01-01T00:00:00+01:00,2015-12-31T00:00:00+01:00
169,18017573,GDO_q35,COUNTRY,LAO,YEAR,2015,,,,,,,,,3.2,3.21059,0.03211,,,2018-02-27T14:38:19.34+01:00,2015,2015-01-01T00:00:00+01:00,2015-12-31T00:00:00+01:00
170,18017574,GDO_q35,COUNTRY,MYS,YEAR,2015,,,,,,,,,3.8,3.81396,0.03814,,,2018-02-27T14:38:19.367+01:00,2015,2015-01-01T00:00:00+01:00,2015-12-31T00:00:00+01:00
171,18017575,GDO_q35,COUNTRY,FSM,YEAR,2015,,,,,,,,,3.1,3.14832,0.03148,,,2018-02-27T14:38:19.39+01:00,2015,2015-01-01T00:00:00+01:00,2015-12-31T00:00:00+01:00
172,18017576,GDO_q35,COUNTRY,MNG,YEAR,2015,,,,,,,,,4.2,4.24658,0.04247,,,2018-02-27T14:38:19.413+01:00,2015,2015-01-01T00:00:00+01:00,2015-12-31T00:00:00+01:00
173,18017577,GDO_q35,COUNTRY,NZL,YEAR,2015,,,,,,,,,5.4,5.3526,0.05353,,,2018-02-27T14:38:19.437+01:00,2015,2015-01-01T00:00:00+01:00,2015-12-31T00:00:00+01:00
174,18017578,GDO_q35,COUNTRY,PNG,YEAR,2015,,,,,,,,,3.0,2.98459,0.02985,,,2018-02-27T14:38:19.46+01:00,2015,2015-01-01T00:00:00+01:00,2015-12-31T00:00:00+01:00
175,18017579,GDO_q35,COUNTRY,PHL,YEAR,2015,,,,,,,,,3.3,3.3429,0.03343,,,2018-02-27T14:38:19.483+01:00,2015,2015-01-01T00:00:00+01:00,2015-12-31T00:00:00+01:00
176,18017580,GDO_q35,COUNTRY,KOR,YEAR,2015,,,,,,,,,4.1,4.10342,0.04103,,,2018-02-27T14:38:19.517+01:00,2015,2015-01-01T00:00:00+01:00,2015-12-31T00:00:00+01:00
177,18017581,GDO_q35,COUNTRY,WSM,YEAR,2015,,,,,,,,,3.2,3.17485,0.03175,,,2018-02-27T14:38:19.57+01:00,2015,2015-01-01T00:00:00+01:00,2015-12-31T00:00:00+01:00
178,18017582,GDO_q35,COUNTRY,SGP,YEAR,2015,,,,,,,,,4.6,4.56847,0.04568,,,2018-02-27T14:38:19.603+01:00,2015,2015-01-01T00:00:00+01:00,2015-12-31T00:00:00+01:00
179,18017583,GDO_q35,COUNTRY,SLB,YEAR,2015,,,,,,,,,2.9,2.90313,0.02903,,,2018-02-27T14:38:19.637+01:00,2015,2015-01-01T00:00:00+01:00,2015-12-31T00:00:00+01:00
180,18017584,GDO_q35,COUNTRY,TON,YEAR,2015,,,,,,,,,3.2,3.18038,0.0318,,,2018-02-27T14:38:19.66+01:00,2015,2015-01-01T00:00:00+01:00,2015-12-31T00:00:00+01:00
181,18017585,GDO_q35,COUNTRY,VUT,YEAR,2015,,,,,,,,,3.1,3.0919,0.03092,,,2018-02-27T14:38:19.693+01:00,2015,2015-01-01T00:00:00+01:00,2015-12-31T00:00:00+01:00
182,18017586,GDO_q35,COUNTRY,VNM,YEAR,2015,,,,,,,,,4.0,4.0081,0.04008,,,2018-02-27T14:38:19.72+01:00,2015,2015-01-01T00:00:00+01:00,2015-12-31T00:00:00+01:00
